microtrip,avg speed,idle time %
microtrip_1.csv,0.0,100.0
microtrip_10.csv,0.0,100.0
microtrip_100.csv,0.0,100.0
microtrip_101.csv,0.0,100.0
microtrip_102.csv,0.0,100.0
microtrip_103.csv,0.0,100.0
microtrip_104.csv,0.0,100.0
microtrip_105.csv,0.0,100.0
microtrip_106.csv,0.0,100.0
microtrip_107.csv,0.0,100.0
microtrip_108.csv,0.0,100.0
microtrip_109.csv,0.0,100.0
microtrip_11.csv,0.0,100.0
microtrip_110.csv,0.0,100.0
microtrip_111.csv,0.0,100.0
microtrip_112.csv,0.0,100.0
microtrip_113.csv,0.0,100.0
microtrip_114.csv,0.0,100.0
microtrip_115.csv,0.0,100.0
microtrip_116.csv,0.0,100.0
microtrip_117.csv,0.0,100.0
microtrip_118.csv,0.0,100.0
microtrip_119.csv,0.0,100.0
microtrip_12.csv,0.0,100.0
microtrip_120.csv,0.0,100.0
microtrip_121.csv,0.0,100.0
microtrip_122.csv,0.0,100.0
microtrip_123.csv,0.0,100.0
microtrip_124.csv,0.0,100.0
microtrip_125.csv,0.0,100.0
microtrip_126.csv,0.22193548387096773,82.25806451612904
microtrip_127.csv,4.849890109890111,0.0
microtrip_128.csv,8.242885906040268,0.0
microtrip_129.csv,9.28462962962963,0.0
microtrip_13.csv,0.0,100.0
microtrip_130.csv,9.68034965034965,0.0
microtrip_131.csv,11.818266666666666,0.0
microtrip_132.csv,14.98976331360947,0.0
microtrip_133.csv,16.178681318681317,0.0
microtrip_134.csv,17.230240963855422,0.0
microtrip_135.csv,19.472285714285714,0.0
microtrip_136.csv,20.424861111111113,0.0
microtrip_137.csv,20.98119496855346,0.0
microtrip_138.csv,21.666571428571427,0.0
microtrip_139.csv,23.842076923076924,0.0
microtrip_14.csv,0.0,100.0
microtrip_140.csv,26.93562874251497,0.0
microtrip_141.csv,30.1406976744186,0.0
microtrip_142.csv,30.71757142857143,0.0
microtrip_143.csv,32.220555555555556,0.0
microtrip_144.csv,32.98741935483871,0.0
microtrip_145.csv,33.92179487179487,0.0
microtrip_146.csv,33.95512658227848,0.0
microtrip_147.csv,34.24664772727272,0.0
microtrip_148.csv,34.225319148936165,0.0
microtrip_149.csv,34.1339,0.0
microtrip_15.csv,0.0,100.0
microtrip_150.csv,33.31983050847458,0.0
microtrip_151.csv,21.167887323943663,12.676056338028168
microtrip_152.csv,7.0221582733812955,64.74820143884892
microtrip_153.csv,0.0,100.0
microtrip_154.csv,0.0,100.0
microtrip_155.csv,0.0,100.0
microtrip_156.csv,0.0,100.0
microtrip_157.csv,0.0,100.0
microtrip_158.csv,0.0,100.0
microtrip_159.csv,0.0,100.0
microtrip_16.csv,0.0,100.0
microtrip_160.csv,0.0,100.0
microtrip_161.csv,0.0,100.0
microtrip_162.csv,0.0,100.0
microtrip_163.csv,0.0,100.0
microtrip_164.csv,0.0,100.0
microtrip_165.csv,0.0,100.0
microtrip_166.csv,0.0,100.0
microtrip_167.csv,0.0,100.0
microtrip_168.csv,0.0,100.0
microtrip_169.csv,0.0,100.0
microtrip_17.csv,0.0,100.0
microtrip_170.csv,0.0,100.0
microtrip_171.csv,0.0,100.0
microtrip_172.csv,0.0,100.0
microtrip_173.csv,0.0,100.0
microtrip_174.csv,9.812209302325583,81.3953488372093
microtrip_175.csv,42.96364406779661,0.0
microtrip_176.csv,30.601837837837838,0.0
microtrip_177.csv,29.656710526315795,0.0
microtrip_178.csv,29.25173076923077,0.0
microtrip_179.csv,28.441428571428574,0.0
microtrip_18.csv,0.0,100.0
microtrip_180.csv,27.64687150837989,0.0
microtrip_181.csv,27.730141843971634,0.0
microtrip_182.csv,28.627045454545453,0.0
microtrip_183.csv,29.83814285714286,0.0
microtrip_184.csv,31.160106382978725,0.0
microtrip_185.csv,32.020526315789475,0.0
microtrip_186.csv,32.073125,0.0
microtrip_187.csv,31.594010152284266,0.0
microtrip_188.csv,30.815408163265303,0.0
microtrip_189.csv,30.463876404494382,0.0
microtrip_19.csv,0.0,100.0
microtrip_190.csv,30.932258064516127,0.0
microtrip_191.csv,32.441286549707606,0.0
microtrip_192.csv,33.4491052631579,0.0
microtrip_193.csv,33.77439999999999,0.0
microtrip_194.csv,33.8869512195122,0.0
microtrip_195.csv,33.15902702702703,0.0
microtrip_196.csv,32.8488717948718,0.0
microtrip_197.csv,33.33608695652173,0.0
microtrip_198.csv,34.23893081761006,0.0
microtrip_199.csv,34.68537735849056,0.0
microtrip_2.csv,0.0,100.0
microtrip_20.csv,0.0,100.0
microtrip_200.csv,35.010625000000005,0.0
microtrip_201.csv,35.33296296296297,0.0
microtrip_202.csv,35.47425373134328,0.0
microtrip_203.csv,35.45235294117647,0.0
microtrip_204.csv,35.29548780487804,0.0
microtrip_205.csv,34.83139784946237,0.0
microtrip_206.csv,34.63934065934066,0.0
microtrip_207.csv,34.40718518518518,0.0
microtrip_208.csv,34.08360655737705,0.0
microtrip_209.csv,34.05709090909091,0.0
microtrip_21.csv,0.0,100.0
microtrip_210.csv,33.87967320261438,0.0
microtrip_211.csv,33.75537688442211,0.0
microtrip_212.csv,33.88713483146067,0.0
microtrip_213.csv,34.00694444444445,0.0
microtrip_214.csv,34.02273684210526,0.0
microtrip_215.csv,34.00436464088398,0.0
microtrip_216.csv,33.89322368421053,0.0
microtrip_217.csv,33.91350993377484,0.0
microtrip_218.csv,33.841147540983606,0.0
microtrip_219.csv,33.89833333333334,0.0
microtrip_22.csv,0.0,100.0
microtrip_220.csv,33.979447852760735,0.0
microtrip_221.csv,33.80354166666667,0.0
microtrip_222.csv,33.888714285714286,0.0
microtrip_223.csv,33.04121827411168,0.0
microtrip_224.csv,30.88115942028986,0.0
microtrip_225.csv,29.64472392638037,0.0
microtrip_226.csv,27.120303030303035,0.0
microtrip_227.csv,22.206946107784432,0.0
microtrip_228.csv,16.179019607843138,0.0
microtrip_229.csv,14.123560606060606,0.0
microtrip_23.csv,0.0,100.0
microtrip_230.csv,16.495192307692307,0.0
microtrip_231.csv,18.910909090909094,0.0
microtrip_232.csv,19.482650602409638,6.626506024096386
microtrip_233.csv,24.502528735632186,0.0
microtrip_234.csv,25.1759649122807,0.0
microtrip_235.csv,27.55826771653543,0.0
microtrip_236.csv,29.71757575757576,0.0
microtrip_237.csv,31.085340314136133,0.0
microtrip_238.csv,31.564682080924857,0.0
microtrip_239.csv,31.366842105263157,0.0
microtrip_24.csv,0.0,100.0
microtrip_240.csv,29.89934426229508,0.0
microtrip_241.csv,30.55444444444444,0.0
microtrip_242.csv,30.08280303030303,0.0
microtrip_243.csv,29.620588235294115,0.0
microtrip_244.csv,29.078471337579614,0.0
microtrip_245.csv,28.563432835820894,0.0
microtrip_246.csv,28.264999999999997,0.0
microtrip_247.csv,28.3245390070922,0.0
microtrip_248.csv,28.628782051282048,0.0
microtrip_249.csv,29.288060606060604,0.0
microtrip_25.csv,0.0,100.0
microtrip_250.csv,30.16085714285714,0.0
microtrip_251.csv,31.186355140186915,0.0
microtrip_252.csv,32.299554140127384,0.0
microtrip_253.csv,33.543124999999996,0.0
microtrip_254.csv,34.14374331550802,0.0
microtrip_255.csv,34.58005025125628,0.0
microtrip_256.csv,35.184941860465116,0.0
microtrip_257.csv,35.75790476190476,0.0
microtrip_258.csv,36.35416107382551,0.0
microtrip_259.csv,36.1310989010989,0.0
microtrip_26.csv,0.0,100.0
microtrip_260.csv,34.382230769230766,0.0
microtrip_261.csv,30.514122807017547,0.0
microtrip_262.csv,30.21932038834952,0.0
microtrip_263.csv,31.31021505376344,0.0
microtrip_264.csv,32.299218749999994,0.0
microtrip_265.csv,33.323457943925234,0.0
microtrip_266.csv,34.475530303030304,0.0
microtrip_267.csv,35.93212121212122,0.0
microtrip_268.csv,35.757034883720934,0.0
microtrip_269.csv,36.02888888888889,0.0
microtrip_27.csv,0.0,100.0
microtrip_270.csv,36.56788990825688,0.0
microtrip_271.csv,36.764090909090896,0.0
microtrip_272.csv,37.28000000000001,0.0
microtrip_273.csv,37.15341708542714,0.0
microtrip_274.csv,36.87948529411765,0.0
microtrip_275.csv,36.106242038216564,0.0
microtrip_276.csv,35.28164556962025,0.0
microtrip_277.csv,34.20554054054054,0.0
microtrip_278.csv,33.7325,0.0
microtrip_279.csv,32.77295081967214,0.0
microtrip_28.csv,2.0945408163265307,35.204081632653065
microtrip_280.csv,32.512617449664425,0.0
microtrip_281.csv,32.323465346534654,0.0
microtrip_282.csv,32.99688311688311,0.0
microtrip_283.csv,34.01094339622642,0.0
microtrip_284.csv,34.1522,0.0
microtrip_285.csv,35.461132075471696,0.0
microtrip_286.csv,36.50205128205128,0.0
microtrip_287.csv,37.44223021582734,0.0
microtrip_288.csv,37.767398373983745,0.0
microtrip_289.csv,38.43967741935485,0.0
microtrip_29.csv,5.83929411764706,0.0
microtrip_290.csv,39.89953333333334,0.0
microtrip_291.csv,40.257482517482515,0.0
microtrip_292.csv,39.46632075471698,0.0
microtrip_293.csv,38.38614457831325,0.0
microtrip_294.csv,39.02000000000001,0.0
microtrip_295.csv,35.92438202247191,0.0
microtrip_296.csv,32.9255,0.0
microtrip_297.csv,6.21156862745098,83.33333333333334
microtrip_298.csv,0.0,100.0
microtrip_299.csv,0.0,100.0
microtrip_3.csv,0.0,100.0
microtrip_30.csv,4.237058823529411,0.0
microtrip_300.csv,0.0,100.0
microtrip_301.csv,0.0,100.0
microtrip_302.csv,34.31354285714285,4.571428571428571
microtrip_303.csv,35.7978947368421,0.0
microtrip_304.csv,35.135939086294414,0.0
microtrip_305.csv,35.979142857142854,0.0
microtrip_306.csv,35.778804347826096,0.0
microtrip_307.csv,35.71314814814815,0.0
microtrip_308.csv,34.36674603174604,0.0
microtrip_309.csv,33.87307692307692,0.0
microtrip_31.csv,4.020896551724138,0.0
microtrip_310.csv,33.92032051282051,0.0
microtrip_311.csv,31.177621621621626,0.0
microtrip_312.csv,27.602229729729732,0.0
microtrip_313.csv,26.813014705882352,1.4705882352941175
microtrip_314.csv,19.163508771929827,7.017543859649122
microtrip_315.csv,20.968125,0.0
microtrip_316.csv,18.581969696969693,0.0
microtrip_317.csv,15.76325842696629,0.0
microtrip_318.csv,18.083350253807108,0.0
microtrip_319.csv,19.92645161290323,0.0
microtrip_32.csv,10.806588235294116,0.0
microtrip_320.csv,21.483535353535355,0.0
microtrip_321.csv,24.484679487179488,0.0
microtrip_322.csv,29.82514124293785,0.0
microtrip_323.csv,33.43446043165467,0.0
microtrip_324.csv,35.89509316770186,0.0
microtrip_325.csv,38.13745098039216,0.0
microtrip_326.csv,39.76137142857143,0.0
microtrip_327.csv,34.149539473684214,0.0
microtrip_328.csv,43.15746268656717,0.0
microtrip_329.csv,40.32066666666666,0.0
microtrip_33.csv,14.458305084745762,0.0
microtrip_330.csv,38.74155,0.0
microtrip_331.csv,39.115468750000005,0.0
microtrip_332.csv,38.86676470588235,0.0
microtrip_333.csv,37.839266055045876,0.0
microtrip_334.csv,32.428244680851066,0.0
microtrip_335.csv,31.003544303797465,0.0
microtrip_336.csv,31.829025974025974,0.0
microtrip_337.csv,32.874263565891475,0.0
microtrip_338.csv,32.8425,0.0
microtrip_339.csv,33.73713541666667,0.0
microtrip_34.csv,16.968333333333334,0.0
microtrip_340.csv,33.51022727272727,0.0
microtrip_341.csv,33.90229629629629,0.0
microtrip_342.csv,33.553875000000005,0.0
microtrip_343.csv,33.95705263157895,0.0
microtrip_344.csv,34.50762295081967,0.0
microtrip_345.csv,35.17957746478874,0.0
microtrip_346.csv,35.38603174603175,0.0
microtrip_347.csv,35.58624,0.0
microtrip_348.csv,34.824179104477615,0.0
microtrip_349.csv,34.66594202898551,0.0
microtrip_35.csv,20.86163265306123,0.0
microtrip_350.csv,33.98271028037383,0.0
microtrip_351.csv,32.85060240963856,0.0
microtrip_352.csv,30.553018867924532,0.0
microtrip_353.csv,29.146573033707867,0.0
microtrip_354.csv,28.528947368421044,0.0
microtrip_355.csv,30.16207650273224,0.0
microtrip_356.csv,27.046944444444446,0.0
microtrip_357.csv,25.856012658227844,0.0
microtrip_358.csv,25.878085106382983,0.0
microtrip_359.csv,23.801222222222222,0.0
microtrip_36.csv,21.04357142857143,0.0
microtrip_360.csv,25.484411764705882,0.0
microtrip_361.csv,26.778461538461535,0.0
microtrip_362.csv,23.709513513513514,0.0
microtrip_363.csv,17.734673913043476,0.0
microtrip_364.csv,12.013681318681318,0.0
microtrip_365.csv,9.817294117647059,0.0
microtrip_366.csv,4.287999999999999,0.0
microtrip_367.csv,4.175989304812835,0.0
microtrip_368.csv,3.622773722627737,0.0
microtrip_369.csv,1.7504568527918782,25.380710659898476
microtrip_37.csv,24.459176470588233,0.0
microtrip_370.csv,1.7387943262411345,27.659574468085108
microtrip_371.csv,3.0418032786885236,24.59016393442623
microtrip_372.csv,4.62595588235294,2.941176470588235
microtrip_373.csv,4.908383838383838,0.0
microtrip_374.csv,8.577960526315788,0.0
microtrip_375.csv,3.4617714285714283,62.857142857142854
microtrip_376.csv,0.0,100.0
microtrip_377.csv,0.0,100.0
microtrip_378.csv,0.0,100.0
microtrip_379.csv,0.0,100.0
microtrip_38.csv,24.217298850574714,0.0
microtrip_380.csv,0.0,100.0
microtrip_381.csv,0.0,100.0
microtrip_382.csv,0.0,100.0
microtrip_383.csv,0.0,100.0
microtrip_384.csv,0.0,100.0
microtrip_385.csv,0.0,100.0
microtrip_386.csv,0.0,100.0
microtrip_387.csv,0.0,100.0
microtrip_388.csv,0.0,100.0
microtrip_389.csv,0.0,100.0
microtrip_39.csv,23.669761904761906,0.0
microtrip_390.csv,0.0,100.0
microtrip_391.csv,0.0,100.0
microtrip_392.csv,1.8809677419354836,55.91397849462365
microtrip_393.csv,4.139107142857143,21.428571428571427
microtrip_394.csv,9.560877192982455,12.280701754385964
microtrip_395.csv,3.994338235294118,68.38235294117648
microtrip_396.csv,5.069931506849315,67.8082191780822
microtrip_397.csv,15.276626506024098,0.0
microtrip_398.csv,15.932849740932642,8.808290155440414
microtrip_399.csv,22.86715789473684,10.526315789473683
microtrip_4.csv,0.0,100.0
microtrip_40.csv,25.45546875,0.0
microtrip_400.csv,18.47703947368421,6.578947368421052
microtrip_401.csv,14.1714,16.0
microtrip_402.csv,7.533823529411764,46.32352941176471
microtrip_403.csv,10.643953488372093,0.0
microtrip_404.csv,5.489246575342467,0.0
microtrip_405.csv,3.840331125827814,0.0
microtrip_406.csv,5.299277108433735,0.0
microtrip_407.csv,2.1976335877862594,0.0
microtrip_408.csv,2.7790055248618786,8.83977900552486
microtrip_409.csv,1.5015079365079365,45.23809523809524
microtrip_41.csv,26.89640776699029,0.0
microtrip_410.csv,2.558150684931507,16.43835616438356
microtrip_411.csv,0.6958695652173913,71.73913043478261
microtrip_412.csv,0.012345679012345678,98.76543209876543
microtrip_413.csv,1.5886842105263157,51.578947368421055
microtrip_414.csv,8.07774011299435,2.824858757062147
microtrip_415.csv,11.58371681415929,0.0
microtrip_416.csv,17.54281437125748,0.0
microtrip_417.csv,29.064214285714286,0.0
microtrip_418.csv,22.91033333333333,0.0
microtrip_419.csv,24.06401515151515,0.0
microtrip_42.csv,26.38133333333333,0.0
microtrip_420.csv,25.236964285714286,0.0
microtrip_421.csv,25.137200000000004,0.0
microtrip_422.csv,21.599777777777774,0.0
microtrip_423.csv,17.502615384615385,0.0
microtrip_424.csv,9.952989130434782,0.0
microtrip_425.csv,8.207324840764333,0.0
microtrip_426.csv,10.02264705882353,0.0
microtrip_427.csv,11.441864406779661,0.0
microtrip_428.csv,12.443507462686567,0.0
microtrip_429.csv,12.124395604395605,0.0
microtrip_43.csv,27.796030534351143,0.0
microtrip_430.csv,13.495955056179776,0.0
microtrip_431.csv,14.621428571428572,0.0
microtrip_432.csv,15.569274193548388,0.0
microtrip_433.csv,18.0477027027027,0.0
microtrip_434.csv,19.976666666666667,0.0
microtrip_435.csv,23.234899999999996,0.0
microtrip_436.csv,25.97524590163934,0.0
microtrip_437.csv,27.778053097345133,0.0
microtrip_438.csv,29.368834951456307,0.0
microtrip_439.csv,31.470312499999995,0.0
microtrip_44.csv,29.796071428571427,0.0
microtrip_440.csv,32.5667320261438,0.0
microtrip_441.csv,30.795602836879436,0.0
microtrip_442.csv,31.08353658536586,0.0
microtrip_443.csv,30.671309523809523,0.0
microtrip_444.csv,31.466870229007633,0.0
microtrip_445.csv,29.36664739884393,0.0
microtrip_446.csv,24.578534031413614,0.0
microtrip_447.csv,23.4604375,0.0
microtrip_448.csv,23.160416666666666,0.0
microtrip_449.csv,24.479106145251396,0.0
microtrip_45.csv,31.232602739726023,0.0
microtrip_450.csv,26.328666666666663,0.0
microtrip_451.csv,27.19788235294117,0.0
microtrip_452.csv,26.233333333333334,0.0
microtrip_453.csv,25.197615894039735,0.0
microtrip_454.csv,24.896927374301676,0.0
microtrip_455.csv,24.694184782608694,0.0
microtrip_456.csv,24.460309278350515,0.0
microtrip_457.csv,20.02354285714286,0.0
microtrip_458.csv,18.787887323943664,0.0
microtrip_459.csv,20.825,0.0
microtrip_46.csv,31.56294964028777,0.0
microtrip_460.csv,22.50307692307692,0.0
microtrip_461.csv,25.013305785123965,0.0
microtrip_462.csv,27.583671875,0.0
microtrip_463.csv,28.27887323943662,0.0
microtrip_464.csv,27.77866141732283,0.0
microtrip_465.csv,26.6275,0.0
microtrip_466.csv,25.75162011173184,0.0
microtrip_467.csv,23.611067961165045,0.0
microtrip_468.csv,20.351372549019604,0.0
microtrip_469.csv,18.737529411764708,0.0
microtrip_47.csv,28.629876543209875,0.0
microtrip_470.csv,22.43711538461538,0.0
microtrip_471.csv,22.28131147540984,0.0
microtrip_472.csv,19.44243654822335,0.0
microtrip_473.csv,19.011092436974796,0.0
microtrip_474.csv,20.29772277227723,0.0
microtrip_475.csv,23.122710843373493,0.0
microtrip_476.csv,26.872288135593223,0.0
microtrip_477.csv,29.219036144578318,0.0
microtrip_478.csv,30.611986754966882,0.0
microtrip_479.csv,31.579807692307693,0.0
microtrip_48.csv,26.12748743718593,0.0
microtrip_480.csv,31.178581081081084,0.0
microtrip_481.csv,29.402736842105266,0.0
microtrip_482.csv,29.821666666666662,0.0
microtrip_483.csv,29.72086419753086,0.0
microtrip_484.csv,31.04410256410256,0.0
microtrip_485.csv,29.736875,0.0
microtrip_486.csv,31.38038461538462,0.0
microtrip_487.csv,31.1653125,0.0
microtrip_488.csv,26.815586206896555,15.862068965517242
microtrip_489.csv,31.214812499999994,0.0
microtrip_49.csv,20.016999999999996,0.0
microtrip_490.csv,31.18730769230769,0.0
microtrip_491.csv,31.48680555555556,0.0
microtrip_492.csv,31.519528795811517,0.0
microtrip_493.csv,32.07031088082901,0.0
microtrip_494.csv,32.17973509933775,0.0
microtrip_495.csv,31.702715231788076,0.0
microtrip_496.csv,31.659278350515468,0.0
microtrip_497.csv,31.425309278350518,0.0
microtrip_498.csv,31.400823529411767,0.0
microtrip_499.csv,31.29479452054794,0.0
microtrip_5.csv,0.0,100.0
microtrip_50.csv,16.035882352941172,0.0
microtrip_500.csv,27.104938271604937,10.493827160493826
microtrip_501.csv,14.040921052631578,55.26315789473685
microtrip_502.csv,0.0,100.0
microtrip_503.csv,0.0,100.0
microtrip_504.csv,0.0,100.0
microtrip_505.csv,0.0,100.0
microtrip_506.csv,0.0,100.0
microtrip_507.csv,18.937605633802818,35.2112676056338
microtrip_508.csv,29.042068965517238,0.0
microtrip_509.csv,28.912571428571425,0.0
microtrip_51.csv,10.970898876404494,0.0
microtrip_510.csv,28.858217821782173,0.0
microtrip_511.csv,28.60236559139785,0.0
microtrip_512.csv,28.8459375,0.0
microtrip_513.csv,28.466037735849056,0.0
microtrip_514.csv,28.463876404494382,0.0
microtrip_515.csv,28.48806818181818,0.0
microtrip_516.csv,28.44549618320611,0.0
microtrip_517.csv,28.145272727272726,0.0
microtrip_518.csv,28.044733333333326,0.0
microtrip_519.csv,27.952460732984292,0.0
microtrip_52.csv,8.240551181102362,0.0
microtrip_520.csv,28.040347826086954,0.0
microtrip_521.csv,29.03845360824742,0.0
microtrip_522.csv,30.792085561497327,0.0
microtrip_523.csv,32.339999999999996,0.0
microtrip_524.csv,33.71351851851852,0.0
microtrip_525.csv,35.10302325581395,0.0
microtrip_526.csv,35.90338709677419,0.0
microtrip_527.csv,36.09884955752213,0.0
microtrip_528.csv,35.63696969696969,0.0
microtrip_529.csv,34.81837037037038,0.0
microtrip_53.csv,9.20679487179487,0.0
microtrip_530.csv,34.00510791366907,0.0
microtrip_531.csv,33.169554140127396,0.0
microtrip_532.csv,32.85603658536585,0.0
microtrip_533.csv,32.962875000000004,0.0
microtrip_534.csv,33.03492385786802,0.0
microtrip_535.csv,32.87376344086021,0.0
microtrip_536.csv,32.82942196531792,0.0
microtrip_537.csv,32.803000000000004,0.0
microtrip_538.csv,32.82611111111111,0.0
microtrip_539.csv,32.65165048543689,0.0
microtrip_54.csv,10.049888268156424,0.0
microtrip_540.csv,32.45293785310734,0.0
microtrip_541.csv,32.508322981366454,0.0
microtrip_542.csv,32.753380281690134,0.0
microtrip_543.csv,32.908571428571435,0.0
microtrip_544.csv,33.09016853932584,0.0
microtrip_545.csv,33.72512953367875,0.0
microtrip_546.csv,34.53885714285715,0.0
microtrip_547.csv,35.1163076923077,0.0
microtrip_548.csv,35.127256637168145,0.0
microtrip_549.csv,34.415176470588236,0.0
microtrip_55.csv,14.881499999999999,0.0
microtrip_550.csv,34.01945454545455,0.0
microtrip_551.csv,32.12050314465408,0.0
microtrip_552.csv,31.72382352941176,0.0
microtrip_553.csv,32.42267515923567,0.0
microtrip_554.csv,33.11032258064516,0.0
microtrip_555.csv,34.34163636363636,0.0
microtrip_556.csv,33.38463636363636,0.0
microtrip_557.csv,32.7015,0.0
microtrip_558.csv,29.34928104575164,0.0
microtrip_559.csv,27.003863636363636,0.0
microtrip_56.csv,12.514189944134078,0.0
microtrip_560.csv,22.047837837837836,0.0
microtrip_561.csv,16.393440000000002,0.0
microtrip_562.csv,10.019007633587787,0.0
microtrip_563.csv,12.134957983193274,0.0
microtrip_564.csv,15.305797101449274,0.0
microtrip_565.csv,18.117894736842107,0.0
microtrip_566.csv,22.447310344827585,0.0
microtrip_567.csv,26.76161290322581,0.0
microtrip_568.csv,29.332147239263804,0.0
microtrip_569.csv,31.986641221374047,0.0
microtrip_57.csv,7.433018867924529,0.0
microtrip_570.csv,32.7483552631579,0.0
microtrip_571.csv,35.31949999999999,0.0
microtrip_572.csv,35.89,0.0
microtrip_573.csv,34.99851648351648,0.0
microtrip_574.csv,32.30994475138121,0.0
microtrip_575.csv,33.0696875,0.0
microtrip_576.csv,32.61895604395604,0.0
microtrip_577.csv,32.35321428571429,0.0
microtrip_578.csv,31.56732142857143,0.0
microtrip_579.csv,31.82038461538461,0.0
microtrip_58.csv,4.6445,0.0
microtrip_580.csv,32.6289898989899,0.0
microtrip_581.csv,33.3207619047619,0.0
microtrip_582.csv,34.32017857142857,0.0
microtrip_583.csv,35.16704000000001,0.0
microtrip_584.csv,36.28587570621469,0.0
microtrip_585.csv,37.03694736842106,0.0
microtrip_586.csv,37.78644444444444,0.0
microtrip_587.csv,38.520625,0.0
microtrip_588.csv,38.81682352941176,0.0
microtrip_589.csv,38.510588235294115,0.0
microtrip_59.csv,0.9116326530612244,55.78231292517006
microtrip_590.csv,38.67262626262626,0.0
microtrip_591.csv,37.28104347826088,0.0
microtrip_592.csv,35.772666666666666,0.0
microtrip_593.csv,36.04224,0.0
microtrip_594.csv,36.6759756097561,0.0
microtrip_595.csv,37.456762589928054,0.0
microtrip_596.csv,37.75101694915254,0.0
microtrip_597.csv,37.51961165048543,0.0
microtrip_598.csv,36.29274074074074,0.0
microtrip_599.csv,35.85896296296297,0.0
microtrip_6.csv,0.0,100.0
microtrip_60.csv,0.0,100.0
microtrip_600.csv,34.79893333333334,0.0
microtrip_601.csv,32.72780821917809,0.0
microtrip_602.csv,31.083376623376623,0.0
microtrip_603.csv,32.18167567567568,0.0
microtrip_604.csv,33.761489361702125,0.0
microtrip_605.csv,34.66075471698113,0.0
microtrip_606.csv,36.001606217616576,0.0
microtrip_607.csv,37.32741176470588,0.0
microtrip_608.csv,37.73485207100592,0.0
microtrip_609.csv,36.574923857868015,0.0
microtrip_61.csv,0.0,100.0
microtrip_610.csv,37.05390243902439,0.0
microtrip_611.csv,35.31428571428571,0.0
microtrip_612.csv,33.00322033898305,0.0
microtrip_613.csv,32.25790697674419,0.0
microtrip_614.csv,32.182159999999996,0.0
microtrip_615.csv,32.90120689655173,0.0
microtrip_616.csv,32.58938650306748,0.0
microtrip_617.csv,30.476666666666667,0.0
microtrip_618.csv,28.685238095238095,0.0
microtrip_619.csv,30.14743243243243,0.0
microtrip_62.csv,0.0,100.0
microtrip_620.csv,31.509253731343282,0.0
microtrip_621.csv,31.68601156069365,0.0
microtrip_622.csv,33.197116564417186,0.0
microtrip_623.csv,33.526818181818186,0.0
microtrip_624.csv,33.091568627450975,0.0
microtrip_625.csv,33.73879310344828,0.0
microtrip_626.csv,34.635,0.0
microtrip_627.csv,34.18148148148148,0.0
microtrip_628.csv,34.86540697674418,0.0
microtrip_629.csv,34.07,0.0
microtrip_63.csv,0.0,100.0
microtrip_630.csv,31.310833333333335,0.0
microtrip_631.csv,25.890844155844157,14.285714285714285
microtrip_64.csv,0.0,100.0
microtrip_65.csv,0.0,100.0
microtrip_66.csv,0.0,100.0
microtrip_67.csv,0.0,100.0
microtrip_68.csv,0.0,100.0
microtrip_69.csv,0.0,100.0
microtrip_7.csv,0.0,100.0
microtrip_70.csv,0.019132947976878614,98.26589595375722
microtrip_71.csv,0.0,100.0
microtrip_72.csv,0.0,100.0
microtrip_73.csv,0.0,100.0
microtrip_74.csv,0.0,100.0
microtrip_75.csv,0.0,100.0
microtrip_76.csv,0.0,100.0
microtrip_77.csv,0.0,100.0
microtrip_78.csv,0.0,100.0
microtrip_79.csv,0.0,100.0
microtrip_8.csv,0.0,100.0
microtrip_80.csv,0.0,100.0
microtrip_81.csv,0.0,100.0
microtrip_82.csv,0.0,100.0
microtrip_83.csv,0.0,100.0
microtrip_84.csv,0.0,100.0
microtrip_85.csv,0.0,100.0
microtrip_86.csv,0.0,100.0
microtrip_87.csv,0.0,100.0
microtrip_88.csv,0.0,100.0
microtrip_89.csv,0.0,100.0
microtrip_9.csv,0.0,100.0
microtrip_90.csv,0.0,100.0
microtrip_91.csv,0.0,100.0
microtrip_92.csv,0.0,100.0
microtrip_93.csv,0.0,100.0
microtrip_94.csv,0.0,100.0
microtrip_95.csv,0.0,100.0
microtrip_96.csv,0.0,100.0
microtrip_97.csv,0.0,100.0
microtrip_98.csv,0.0,100.0
microtrip_99.csv,0.0,100.0
microtrip_1.csv,0.0,100.0
microtrip_10.csv,0.0,100.0
microtrip_100.csv,24.12194805194805,20.12987012987013
microtrip_101.csv,0.0,100.0
microtrip_102.csv,0.0,100.0
microtrip_103.csv,0.0,100.0
microtrip_104.csv,0.0,100.0
microtrip_105.csv,7.703350253807106,77.15736040609137
microtrip_106.csv,32.911300000000004,3.0
microtrip_107.csv,33.960246913580235,0.0
microtrip_108.csv,33.85339622641509,0.0
microtrip_109.csv,33.94033149171271,0.0
microtrip_11.csv,0.0,100.0
microtrip_110.csv,33.8192,0.0
microtrip_111.csv,33.82467625899281,0.7194244604316548
microtrip_112.csv,34.07086956521739,0.0
microtrip_113.csv,33.94046875,0.0
microtrip_114.csv,34.012658227848114,0.0
microtrip_115.csv,34.09312169312169,0.0
microtrip_116.csv,34.59793296089385,0.0
microtrip_117.csv,35.84791666666666,0.0
microtrip_118.csv,37.052875816993456,0.0
microtrip_119.csv,38.058125000000004,0.0
microtrip_12.csv,0.0,100.0
microtrip_120.csv,38.632441860465114,0.0
microtrip_121.csv,39.024166666666666,0.0
microtrip_122.csv,39.17295180722892,0.0
microtrip_123.csv,39.01035211267606,0.0
microtrip_124.csv,38.52605633802817,0.0
microtrip_125.csv,37.69965714285715,0.0
microtrip_126.csv,36.71348314606742,0.0
microtrip_127.csv,35.95597701149425,0.0
microtrip_128.csv,35.300318471337576,0.0
microtrip_129.csv,34.773513513513514,0.0
microtrip_13.csv,0.0,100.0
microtrip_130.csv,34.47169312169312,0.0
microtrip_131.csv,34.175463917525775,0.0
microtrip_132.csv,34.16839694656488,0.0
microtrip_133.csv,34.10478260869564,0.0
microtrip_134.csv,34.11288888888889,0.0
microtrip_135.csv,34.079375,0.0
microtrip_136.csv,34.053935483870966,0.0
microtrip_137.csv,33.94256830601093,0.0
microtrip_138.csv,33.94282051282051,0.0
microtrip_139.csv,32.88866197183099,0.0
microtrip_14.csv,1.1563636363636365,62.03208556149733
microtrip_140.csv,32.086806722689076,0.0
microtrip_141.csv,30.81223350253807,0.0
microtrip_142.csv,31.295315789473687,0.0
microtrip_143.csv,31.85521276595745,0.0
microtrip_144.csv,31.96308080808081,0.0
microtrip_145.csv,32.26410958904109,0.0
microtrip_146.csv,31.4369,0.0
microtrip_147.csv,32.62392156862746,0.0
microtrip_148.csv,33.43082191780822,0.0
microtrip_149.csv,33.83609375,0.0
microtrip_15.csv,6.215963855421688,0.0
microtrip_150.csv,34.43,0.0
microtrip_151.csv,35.27407407407408,0.0
microtrip_152.csv,34.34847826086957,0.0
microtrip_153.csv,32.12489795918368,0.0
microtrip_154.csv,30.987875647668393,0.0
microtrip_155.csv,28.300129870129865,0.0
microtrip_156.csv,27.39114285714286,0.0
microtrip_157.csv,27.13340314136126,0.0
microtrip_158.csv,22.93770700636943,0.0
microtrip_159.csv,19.044597701149424,0.0
microtrip_16.csv,10.353786407766991,0.0
microtrip_160.csv,17.347012195121952,0.0
microtrip_161.csv,9.54109489051095,0.0
microtrip_17.csv,12.610105263157894,0.0
microtrip_18.csv,15.88271794871795,0.0
microtrip_19.csv,18.16526315789474,0.0
microtrip_2.csv,0.0,100.0
microtrip_20.csv,19.732372881355932,0.0
microtrip_21.csv,22.45697802197802,0.0
microtrip_22.csv,26.144180790960455,0.0
microtrip_23.csv,26.56162601626016,0.0
microtrip_24.csv,25.13623036649215,0.0
microtrip_25.csv,25.338382352941178,0.0
microtrip_26.csv,26.336000000000006,0.0
microtrip_27.csv,27.322613636363634,0.0
microtrip_28.csv,28.430123456790124,0.0
microtrip_29.csv,29.996131386861315,0.0
microtrip_3.csv,0.0,100.0
microtrip_30.csv,31.807697368421056,0.0
microtrip_31.csv,32.03680412371134,0.0
microtrip_32.csv,31.258320610687026,0.0
microtrip_33.csv,29.4978,0.0
microtrip_34.csv,29.19476190476191,0.0
microtrip_35.csv,30.879837837837837,0.0
microtrip_36.csv,32.52472527472528,0.0
microtrip_37.csv,33.88540983606558,0.0
microtrip_38.csv,33.743648648648644,0.0
microtrip_39.csv,32.97661764705882,0.0
microtrip_4.csv,0.0,100.0
microtrip_40.csv,31.568490566037735,0.0
microtrip_41.csv,30.785932203389834,0.0
microtrip_42.csv,30.71741379310345,0.0
microtrip_43.csv,29.2155,0.0
microtrip_44.csv,27.64819587628866,0.0
microtrip_45.csv,24.945370370370373,0.0
microtrip_46.csv,21.771184210526314,0.0
microtrip_47.csv,18.9082,0.0
microtrip_48.csv,17.82748148148148,0.0
microtrip_49.csv,20.39461538461538,0.0
microtrip_5.csv,0.0,100.0
microtrip_50.csv,21.25300751879699,0.0
microtrip_51.csv,23.2406015037594,0.0
microtrip_52.csv,26.852893401015226,0.0
microtrip_53.csv,28.375471698113202,0.0
microtrip_54.csv,27.07868686868687,0.0
microtrip_55.csv,25.796222222222227,0.0
microtrip_56.csv,24.789735099337747,0.0
microtrip_57.csv,23.16242424242424,0.0
microtrip_58.csv,20.721428571428568,0.0
microtrip_59.csv,19.984499999999997,0.0
microtrip_6.csv,0.0,100.0
microtrip_60.csv,20.488210526315793,0.0
microtrip_61.csv,18.91172839506173,0.0
microtrip_62.csv,15.443709677419355,0.0
microtrip_63.csv,11.506717557251909,0.0
microtrip_64.csv,9.329215686274509,0.0
microtrip_65.csv,7.652045454545455,0.0
microtrip_66.csv,7.722083333333333,0.0
microtrip_67.csv,11.19225,0.0
microtrip_68.csv,14.96841121495327,0.0
microtrip_69.csv,17.878589743589743,0.0
microtrip_7.csv,0.0,100.0
microtrip_70.csv,20.09477777777778,0.0
microtrip_71.csv,20.392315789473685,0.0
microtrip_72.csv,17.486480446927374,0.0
microtrip_73.csv,14.073548387096777,0.0
microtrip_74.csv,13.413157894736843,0.0
microtrip_75.csv,6.119941176470587,0.0
microtrip_76.csv,4.71560975609756,0.0
microtrip_77.csv,6.471411042944786,0.0
microtrip_78.csv,9.897823529411765,0.0
microtrip_79.csv,14.901803278688526,0.0
microtrip_8.csv,0.0,100.0
microtrip_80.csv,18.333141025641027,0.0
microtrip_81.csv,22.24926470588235,0.0
microtrip_82.csv,24.929292929292934,0.0
microtrip_83.csv,28.164772727272727,0.0
microtrip_84.csv,30.277615384615387,0.0
microtrip_85.csv,32.63,0.0
microtrip_86.csv,33.047205882352934,0.0
microtrip_87.csv,33.90391304347826,0.0
microtrip_88.csv,34.86083916083916,0.0
microtrip_89.csv,35.48166666666667,0.0
microtrip_9.csv,0.0,100.0
microtrip_90.csv,35.45489130434783,0.0
microtrip_91.csv,35.937099999999994,0.0
microtrip_92.csv,36.24024096385542,0.0
microtrip_93.csv,36.385555555555555,0.0
microtrip_94.csv,36.47220779220779,0.0
microtrip_95.csv,36.52573333333333,0.0
microtrip_96.csv,36.529111111111106,0.0
microtrip_97.csv,36.640451977401135,0.0
microtrip_98.csv,36.72751773049645,0.0
microtrip_99.csv,36.57852272727273,0.0
microtrip_1.csv,0.0,100.0
microtrip_10.csv,0.0,100.0
microtrip_100.csv,0.23033898305084746,79.66101694915254
microtrip_101.csv,0.02839285714285714,97.61904761904762
microtrip_102.csv,0.0,100.0
microtrip_103.csv,0.0,100.0
microtrip_104.csv,0.0,100.0
microtrip_105.csv,0.0,100.0
microtrip_106.csv,0.0,100.0
microtrip_107.csv,0.0,100.0
microtrip_108.csv,0.0,100.0
microtrip_109.csv,0.0,100.0
microtrip_11.csv,0.0,100.0
microtrip_110.csv,0.0,100.0
microtrip_111.csv,0.0,100.0
microtrip_112.csv,0.0,100.0
microtrip_113.csv,0.0,100.0
microtrip_114.csv,0.0,100.0
microtrip_115.csv,0.0,100.0
microtrip_116.csv,0.0,100.0
microtrip_117.csv,0.0,100.0
microtrip_118.csv,0.0,100.0
microtrip_119.csv,0.0,100.0
microtrip_12.csv,0.011497326203208558,98.93048128342245
microtrip_120.csv,0.0,100.0
microtrip_121.csv,0.0,100.0
microtrip_122.csv,0.0,100.0
microtrip_123.csv,0.0,100.0
microtrip_124.csv,0.0,100.0
microtrip_125.csv,0.0,100.0
microtrip_126.csv,0.0,100.0
microtrip_127.csv,0.0,100.0
microtrip_128.csv,0.0,100.0
microtrip_129.csv,0.0,100.0
microtrip_13.csv,0.0,100.0
microtrip_130.csv,0.0,100.0
microtrip_131.csv,0.0,100.0
microtrip_132.csv,0.0,100.0
microtrip_133.csv,0.0,100.0
microtrip_134.csv,0.0,100.0
microtrip_135.csv,0.0,100.0
microtrip_136.csv,0.0,100.0
microtrip_137.csv,0.0,100.0
microtrip_138.csv,0.0,100.0
microtrip_139.csv,0.0,100.0
microtrip_14.csv,0.0,100.0
microtrip_140.csv,0.0,100.0
microtrip_141.csv,0.0,100.0
microtrip_142.csv,0.0,100.0
microtrip_143.csv,0.0,100.0
microtrip_144.csv,0.0,100.0
microtrip_145.csv,0.0,100.0
microtrip_146.csv,0.0,100.0
microtrip_147.csv,0.0,100.0
microtrip_148.csv,0.0,100.0
microtrip_149.csv,0.0,100.0
microtrip_15.csv,0.0,100.0
microtrip_150.csv,0.0,100.0
microtrip_151.csv,0.0,100.0
microtrip_152.csv,0.0,100.0
microtrip_153.csv,0.0,100.0
microtrip_154.csv,0.0,100.0
microtrip_155.csv,0.0,100.0
microtrip_156.csv,0.0,100.0
microtrip_157.csv,0.0,100.0
microtrip_158.csv,0.0,100.0
microtrip_159.csv,0.0,100.0
microtrip_16.csv,1.648448275862069,36.206896551724135
microtrip_160.csv,0.0,100.0
microtrip_161.csv,0.0,100.0
microtrip_162.csv,0.0,100.0
microtrip_163.csv,0.0,100.0
microtrip_164.csv,0.0,100.0
microtrip_165.csv,0.0,100.0
microtrip_166.csv,0.0,100.0
microtrip_167.csv,0.0,100.0
microtrip_168.csv,0.0,100.0
microtrip_169.csv,0.0,100.0
microtrip_17.csv,3.9683478260869567,0.0
microtrip_170.csv,0.0,100.0
microtrip_171.csv,0.0,100.0
microtrip_172.csv,0.0,100.0
microtrip_173.csv,0.0,100.0
microtrip_174.csv,0.0,100.0
microtrip_175.csv,0.0,100.0
microtrip_176.csv,0.0,100.0
microtrip_177.csv,0.0,100.0
microtrip_178.csv,0.0,100.0
microtrip_179.csv,0.0,100.0
microtrip_18.csv,6.655812500000001,0.0
microtrip_180.csv,0.0,100.0
microtrip_181.csv,0.12560000000000002,90.66666666666666
microtrip_182.csv,0.005976331360946745,99.40828402366864
microtrip_183.csv,0.0,100.0
microtrip_19.csv,10.466249999999999,0.0
microtrip_2.csv,0.0,100.0
microtrip_20.csv,12.748666666666669,0.0
microtrip_21.csv,11.031125827814572,0.0
microtrip_22.csv,9.733266666666665,0.0
microtrip_23.csv,7.244722222222223,0.0
microtrip_24.csv,3.4555263157894736,0.0
microtrip_25.csv,1.0233548387096774,42.58064516129032
microtrip_26.csv,0.0682,94.0
microtrip_27.csv,0.4756209150326797,64.05228758169935
microtrip_28.csv,2.3170700636942674,28.662420382165603
microtrip_29.csv,6.184797687861271,0.0
microtrip_3.csv,0.0,100.0
microtrip_30.csv,11.496369047619048,0.0
microtrip_31.csv,15.31180790960452,0.0
microtrip_32.csv,16.796594202898554,0.0
microtrip_33.csv,16.985769230769236,0.0
microtrip_34.csv,17.21279661016949,0.0
microtrip_35.csv,17.5878431372549,0.0
microtrip_36.csv,18.043625,0.0
microtrip_37.csv,17.9563,0.0
microtrip_38.csv,13.974301075268816,0.0
microtrip_39.csv,6.636494845360825,0.0
microtrip_4.csv,0.0,100.0
microtrip_40.csv,3.6784057971014494,0.0
microtrip_41.csv,4.4353763440860225,0.0
microtrip_42.csv,5.368735632183909,0.0
microtrip_43.csv,6.782944444444444,0.0
microtrip_44.csv,3.6592934782608695,0.0
microtrip_45.csv,2.3785454545454545,8.181818181818182
microtrip_46.csv,0.0,100.0
microtrip_47.csv,0.022070707070707067,97.97979797979798
microtrip_48.csv,0.0,100.0
microtrip_49.csv,0.4668382352941177,68.38235294117648
microtrip_5.csv,0.0,100.0
microtrip_50.csv,3.689876543209877,0.0
microtrip_51.csv,3.237666666666667,0.0
microtrip_52.csv,2.8321568627450975,0.0
microtrip_53.csv,2.548469387755102,0.0
microtrip_54.csv,1.5210416666666666,22.22222222222222
microtrip_55.csv,0.36141104294478527,71.77914110429448
microtrip_56.csv,0.039107142857142854,96.42857142857143
microtrip_57.csv,0.2015068493150685,83.56164383561644
microtrip_58.csv,0.06136842105263158,94.73684210526315
microtrip_59.csv,0.0,100.0
microtrip_6.csv,0.0,100.0
microtrip_60.csv,0.0,100.0
microtrip_61.csv,0.0,100.0
microtrip_62.csv,0.10277310924369748,90.75630252100841
microtrip_63.csv,0.01161111111111111,98.88888888888889
microtrip_64.csv,0.012154696132596687,98.89502762430939
microtrip_65.csv,0.0,100.0
microtrip_66.csv,0.0,100.0
microtrip_67.csv,0.0,100.0
microtrip_68.csv,0.0,100.0
microtrip_69.csv,0.020841121495327103,98.13084112149532
microtrip_7.csv,0.0,100.0
microtrip_70.csv,0.17842857142857146,85.71428571428571
microtrip_71.csv,0.06508571428571429,94.28571428571428
microtrip_72.csv,0.10292682926829268,91.05691056910568
microtrip_73.csv,0.09372262773722628,91.97080291970804
microtrip_74.csv,0.0675974025974026,94.15584415584416
microtrip_75.csv,0.0,100.0
microtrip_76.csv,0.0,100.0
microtrip_77.csv,0.0,100.0
microtrip_78.csv,0.0,100.0
microtrip_79.csv,0.0,100.0
microtrip_8.csv,0.0,100.0
microtrip_80.csv,0.0,100.0
microtrip_81.csv,0.023480662983425413,97.79005524861878
microtrip_82.csv,0.140253164556962,88.60759493670885
microtrip_83.csv,0.0,100.0
microtrip_84.csv,0.0,100.0
microtrip_85.csv,0.0,100.0
microtrip_86.csv,0.0,100.0
microtrip_87.csv,0.0,100.0
microtrip_88.csv,0.0,100.0
microtrip_89.csv,0.0,100.0
microtrip_9.csv,0.007894736842105263,99.24812030075188
microtrip_90.csv,0.0,100.0
microtrip_91.csv,0.0,100.0
microtrip_92.csv,0.0,100.0
microtrip_93.csv,0.0,100.0
microtrip_94.csv,0.0,100.0
microtrip_95.csv,0.0,100.0
microtrip_96.csv,0.0,100.0
microtrip_97.csv,0.0,100.0
microtrip_98.csv,0.009345794392523364,99.06542056074767
microtrip_99.csv,0.553939393939394,57.57575757575758
microtrip_1.csv,0.0,100.0
microtrip_10.csv,0.06023255813953488,94.57364341085271
microtrip_100.csv,33.72568965517242,0.0
microtrip_101.csv,33.50411764705882,0.0
microtrip_102.csv,32.81193370165746,0.0
microtrip_103.csv,32.000810810810805,0.0
microtrip_104.csv,31.58271739130435,0.0
microtrip_105.csv,32.10718918918919,0.0
microtrip_106.csv,33.23198529411764,0.0
microtrip_107.csv,33.978345323741,0.0
microtrip_108.csv,34.38962962962963,0.0
microtrip_109.csv,34.657500000000006,0.0
microtrip_11.csv,1.1892156862745098,9.803921568627452
microtrip_110.csv,34.75788944723618,0.0
microtrip_111.csv,34.71751322751323,0.0
microtrip_112.csv,34.56124293785311,0.0
microtrip_113.csv,34.33566037735849,0.0
microtrip_114.csv,34.098487394957985,0.0
microtrip_115.csv,33.751357142857145,0.0
microtrip_116.csv,33.70678160919541,0.0
microtrip_117.csv,33.65386363636364,0.0
microtrip_118.csv,33.737682119205296,0.0
microtrip_119.csv,33.79341708542714,0.0
microtrip_12.csv,2.5617730496453905,1.4184397163120568
microtrip_120.csv,33.85784210526316,0.0
microtrip_121.csv,33.7452,0.0
microtrip_122.csv,33.81916666666667,0.0
microtrip_123.csv,33.83952380952381,0.0
microtrip_124.csv,33.90233082706767,0.0
microtrip_125.csv,33.864581005586594,0.0
microtrip_126.csv,33.641676300578034,0.0
microtrip_127.csv,33.176785714285714,0.0
microtrip_128.csv,32.141860465116274,0.0
microtrip_129.csv,30.02678160919541,0.0
microtrip_13.csv,7.771684210526315,0.0
microtrip_130.csv,28.79404255319149,0.0
microtrip_131.csv,26.44120603015076,0.0
microtrip_132.csv,22.394050632911387,0.0
microtrip_133.csv,19.305185185185184,0.0
microtrip_134.csv,15.837820512820512,0.0
microtrip_135.csv,14.771515151515153,0.0
microtrip_136.csv,13.56896551724138,0.0
microtrip_137.csv,14.702536231884059,0.0
microtrip_138.csv,17.80858108108108,0.0
microtrip_139.csv,20.874864864864865,0.0
microtrip_14.csv,13.581941176470588,0.0
microtrip_140.csv,21.87403361344538,0.0
microtrip_141.csv,23.84906976744186,0.0
microtrip_142.csv,27.47026315789474,0.0
microtrip_143.csv,27.293166666666664,0.0
microtrip_144.csv,28.256428571428565,0.0
microtrip_145.csv,29.728157894736842,0.0
microtrip_146.csv,30.46533333333333,0.0
microtrip_147.csv,31.208598130841118,0.0
microtrip_148.csv,32.309622641509435,0.0
microtrip_149.csv,33.25711111111111,0.0
microtrip_15.csv,18.911444444444445,0.0
microtrip_150.csv,33.443275862068965,0.0
microtrip_151.csv,33.54147540983607,0.0
microtrip_152.csv,33.5178698224852,0.0
microtrip_153.csv,33.674464285714286,0.0
microtrip_154.csv,33.66425925925926,0.0
microtrip_155.csv,33.7118085106383,0.0
microtrip_156.csv,33.6758552631579,0.0
microtrip_157.csv,33.7028323699422,0.0
microtrip_158.csv,33.99208633093525,0.0
microtrip_159.csv,34.22049180327869,0.0
microtrip_16.csv,21.298636363636366,0.0
microtrip_160.csv,34.48067961165048,0.0
microtrip_161.csv,34.77821428571429,0.0
microtrip_162.csv,35.0878947368421,0.0
microtrip_163.csv,35.28009345794392,0.0
microtrip_164.csv,35.721,0.0
microtrip_165.csv,36.14575471698114,0.0
microtrip_166.csv,36.60197674418605,0.0
microtrip_167.csv,37.036846153846156,0.0
microtrip_168.csv,37.14841176470588,0.0
microtrip_169.csv,35.423578947368426,0.0
microtrip_17.csv,23.35805970149254,0.0
microtrip_170.csv,34.3048743718593,0.0
microtrip_171.csv,35.35426666666667,0.0
microtrip_172.csv,36.339503546099294,0.0
microtrip_173.csv,37.52473282442748,0.0
microtrip_174.csv,38.16303797468354,0.0
microtrip_175.csv,38.558518518518504,0.0
microtrip_176.csv,38.93108910891089,0.0
microtrip_177.csv,39.30943396226415,0.0
microtrip_178.csv,39.635321100917444,0.0
microtrip_179.csv,40.048888888888875,0.0
microtrip_18.csv,24.932882352941178,0.0
microtrip_180.csv,40.56916666666667,0.0
microtrip_181.csv,41.26674285714286,0.0
microtrip_182.csv,41.061149425287354,0.0
microtrip_183.csv,40.31507042253521,0.0
microtrip_184.csv,38.235747126436785,0.0
microtrip_185.csv,36.47657534246575,0.0
microtrip_186.csv,35.25391812865497,0.0
microtrip_187.csv,34.68442211055277,0.0
microtrip_188.csv,34.93818181818182,0.0
microtrip_189.csv,35.86766917293233,0.0
microtrip_19.csv,25.899888888888885,0.0
microtrip_190.csv,36.71278481012658,0.0
microtrip_191.csv,37.37041095890411,0.0
microtrip_192.csv,37.94921875,0.0
microtrip_193.csv,38.98295081967213,0.0
microtrip_194.csv,37.771173469387755,0.0
microtrip_195.csv,37.43822580645161,0.0
microtrip_196.csv,38.40844155844155,0.0
microtrip_197.csv,39.61723529411765,0.0
microtrip_198.csv,40.85613636363637,0.0
microtrip_199.csv,41.430259740259736,0.0
microtrip_2.csv,0.0,100.0
microtrip_20.csv,27.34708609271523,0.0
microtrip_200.csv,34.157636363636364,9.090909090909092
microtrip_201.csv,2.726376811594203,94.20289855072464
microtrip_202.csv,0.0,100.0
microtrip_203.csv,0.0,100.0
microtrip_204.csv,0.0,100.0
microtrip_205.csv,0.0,100.0
microtrip_206.csv,0.0,100.0
microtrip_207.csv,28.353070175438596,25.438596491228072
microtrip_208.csv,36.10251908396947,7.633587786259542
microtrip_209.csv,37.56814569536424,0.0
microtrip_21.csv,28.0035,0.0
microtrip_210.csv,37.35817391304348,0.0
microtrip_211.csv,37.124628099173556,0.0
microtrip_212.csv,38.37778947368421,0.0
microtrip_213.csv,36.77607843137255,0.0
microtrip_214.csv,36.86419753086419,0.0
microtrip_215.csv,36.41887323943662,0.0
microtrip_216.csv,35.59402777777777,0.0
microtrip_217.csv,33.57298850574712,0.0
microtrip_218.csv,30.643456790123455,0.0
microtrip_219.csv,29.815766871165646,0.0
microtrip_22.csv,28.4248275862069,0.0
microtrip_220.csv,28.226173913043475,0.0
microtrip_221.csv,27.269879518072283,0.0
microtrip_222.csv,19.909684210526315,6.315789473684211
microtrip_223.csv,15.482222222222223,0.0
microtrip_224.csv,17.327818181818184,0.0
microtrip_225.csv,18.587972972972974,0.0
microtrip_226.csv,19.411967213114753,0.0
microtrip_227.csv,22.095438596491228,0.0
microtrip_228.csv,23.535370370370373,0.0
microtrip_229.csv,27.586808510638296,0.0
microtrip_23.csv,28.421863354037267,0.0
microtrip_230.csv,30.498666666666665,0.0
microtrip_231.csv,32.78338235294117,0.0
microtrip_232.csv,34.92864406779661,0.0
microtrip_233.csv,37.74226415094339,0.0
microtrip_234.csv,39.92620253164557,0.0
microtrip_235.csv,40.90575342465753,0.0
microtrip_236.csv,42.66,0.0
microtrip_237.csv,45.05314102564103,0.0
microtrip_238.csv,46.32045751633987,0.0
microtrip_239.csv,40.08833333333334,0.0
microtrip_24.csv,29.881607142857142,0.0
microtrip_240.csv,36.52918032786886,0.0
microtrip_241.csv,37.6984,0.0
microtrip_242.csv,37.16010204081633,0.0
microtrip_243.csv,33.33231481481481,0.0
microtrip_244.csv,32.86554973821989,0.0
microtrip_245.csv,30.27038043478261,0.0
microtrip_246.csv,32.66953367875648,0.0
microtrip_247.csv,30.98568493150685,0.0
microtrip_248.csv,26.792985074626866,0.0
microtrip_249.csv,26.289238578680205,0.0
microtrip_25.csv,30.51319444444444,0.0
microtrip_250.csv,27.619815950920245,0.0
microtrip_251.csv,27.930126582278483,0.0
microtrip_252.csv,29.51079365079365,0.0
microtrip_253.csv,31.600396825396828,0.0
microtrip_254.csv,34.10726708074534,0.0
microtrip_255.csv,35.85278947368421,0.0
microtrip_256.csv,37.24097826086957,0.0
microtrip_257.csv,37.9584,0.0
microtrip_258.csv,37.64342465753425,0.0
microtrip_259.csv,35.26858695652174,0.5434782608695652
microtrip_26.csv,30.4284,0.0
microtrip_260.csv,25.814054054054054,0.0
microtrip_261.csv,22.180624999999996,6.25
microtrip_262.csv,22.569740259740257,0.0
microtrip_263.csv,30.34040201005025,0.0
microtrip_264.csv,28.256315789473685,0.0
microtrip_265.csv,32.26330827067669,0.0
microtrip_266.csv,27.232311557788943,0.0
microtrip_267.csv,21.715522388059703,0.0
microtrip_268.csv,18.071545454545458,0.0
microtrip_269.csv,14.538366013071895,0.0
microtrip_27.csv,30.88857142857143,0.0
microtrip_270.csv,14.050459183673471,0.0
microtrip_271.csv,1.3585714285714285,85.71428571428571
microtrip_272.csv,0.0,100.0
microtrip_273.csv,0.0,100.0
microtrip_274.csv,0.0,100.0
microtrip_275.csv,0.0,100.0
microtrip_276.csv,0.0,100.0
microtrip_277.csv,0.0,100.0
microtrip_278.csv,0.0,100.0
microtrip_279.csv,0.0,100.0
microtrip_28.csv,28.789651162790697,0.0
microtrip_280.csv,4.375378151260505,71.42857142857143
microtrip_281.csv,16.963801169590646,0.0
microtrip_282.csv,17.662992700729927,0.0
microtrip_283.csv,19.750582010582015,0.0
microtrip_284.csv,20.58079365079365,0.0
microtrip_285.csv,16.389939759036142,2.4096385542168677
microtrip_286.csv,13.76933333333333,0.0
microtrip_287.csv,15.103465346534657,0.0
microtrip_288.csv,17.991011235955057,0.0
microtrip_289.csv,21.837142857142858,0.0
microtrip_29.csv,18.700224719101122,38.20224719101123
microtrip_290.csv,25.32578947368421,0.0
microtrip_291.csv,22.69255639097744,0.0
microtrip_292.csv,16.414270833333333,0.0
microtrip_293.csv,11.307222222222219,0.0
microtrip_294.csv,8.474528301886792,0.0
microtrip_295.csv,8.493703703703703,0.0
microtrip_296.csv,7.634561403508772,0.0
microtrip_297.csv,6.47604938271605,0.0
microtrip_298.csv,5.48808988764045,0.0
microtrip_299.csv,5.802631578947368,0.0
microtrip_3.csv,0.0,100.0
microtrip_30.csv,22.837452830188685,14.150943396226415
microtrip_300.csv,6.046958762886598,0.0
microtrip_301.csv,11.581935483870966,0.0
microtrip_302.csv,9.54588785046729,0.0
microtrip_303.csv,9.302793296089385,0.0
microtrip_304.csv,17.391711229946523,0.0
microtrip_305.csv,24.00102272727273,0.0
microtrip_306.csv,24.86952941176471,0.0
microtrip_307.csv,22.07482993197279,0.0
microtrip_308.csv,18.803090909090912,0.0
microtrip_309.csv,16.58290598290598,0.0
microtrip_31.csv,21.240246913580247,0.0
microtrip_310.csv,13.915618556701032,0.0
microtrip_311.csv,16.641509433962263,0.0
microtrip_312.csv,15.794579439252336,0.0
microtrip_313.csv,16.300301204819277,0.0
microtrip_314.csv,17.461868131868133,0.0
microtrip_315.csv,18.376168224299064,0.0
microtrip_316.csv,18.0063,0.0
microtrip_317.csv,15.593943661971831,0.0
microtrip_318.csv,13.9915625,0.0
microtrip_319.csv,11.444903846153846,0.0
microtrip_32.csv,13.926456692913387,0.0
microtrip_320.csv,13.662944162436547,0.0
microtrip_321.csv,13.547307692307694,0.0
microtrip_322.csv,13.914743589743589,0.0
microtrip_323.csv,16.8799173553719,0.0
microtrip_324.csv,19.635849056603774,0.0
microtrip_325.csv,23.507363636363635,0.9090909090909091
microtrip_326.csv,23.937343749999997,0.0
microtrip_327.csv,24.280394736842105,0.0
microtrip_328.csv,24.091293103448276,0.0
microtrip_329.csv,24.947011494252877,0.0
microtrip_33.csv,6.650921985815603,0.0
microtrip_330.csv,26.711059602649005,0.0
microtrip_331.csv,27.15878787878788,0.0
microtrip_332.csv,26.913170731707318,0.0
microtrip_333.csv,25.09484375,0.0
microtrip_334.csv,21.038074074074075,0.0
microtrip_335.csv,20.53282051282051,0.0
microtrip_336.csv,21.860843373493974,0.0
microtrip_337.csv,23.64461139896373,0.0
microtrip_338.csv,25.304152046783628,0.0
microtrip_339.csv,26.43445859872612,0.0
microtrip_34.csv,5.562413793103448,0.6896551724137931
microtrip_340.csv,27.12015151515151,0.0
microtrip_341.csv,27.523243243243243,0.0
microtrip_342.csv,26.974958677685947,0.0
microtrip_343.csv,25.592343749999998,0.0
microtrip_344.csv,25.22105882352941,0.0
microtrip_345.csv,25.657087378640774,0.0
microtrip_346.csv,25.21964912280702,0.0
microtrip_347.csv,27.00539473684211,0.0
microtrip_348.csv,26.6920987654321,0.0
microtrip_349.csv,24.845176470588235,0.0
microtrip_35.csv,4.821855670103092,0.0
microtrip_350.csv,23.983375000000002,0.0
microtrip_351.csv,21.013765432098765,0.0
microtrip_352.csv,18.06893617021277,0.0
microtrip_353.csv,18.059523809523807,0.0
microtrip_354.csv,19.185447154471547,0.0
microtrip_355.csv,19.88708955223881,0.0
microtrip_356.csv,15.055533980582524,0.0
microtrip_357.csv,13.452159090909094,0.0
microtrip_358.csv,16.486068965517244,0.0
microtrip_359.csv,18.277666666666665,0.0
microtrip_36.csv,5.783622047244095,0.0
microtrip_360.csv,17.205000000000002,0.0
microtrip_361.csv,17.967391304347824,0.0
microtrip_362.csv,22.413790322580645,0.0
microtrip_363.csv,24.44054545454545,0.0
microtrip_364.csv,25.15155778894472,0.0
microtrip_365.csv,28.770793650793653,0.0
microtrip_366.csv,27.652941176470584,0.0
microtrip_367.csv,25.57915662650602,0.0
microtrip_368.csv,20.517055214723925,0.0
microtrip_369.csv,18.254411764705882,0.0
microtrip_37.csv,10.048187919463086,0.0
microtrip_370.csv,20.49857142857143,0.0
microtrip_371.csv,21.58267857142857,0.0
microtrip_372.csv,21.146218487394957,0.0
microtrip_373.csv,21.40045112781955,0.0
microtrip_374.csv,20.30132743362832,0.0
microtrip_375.csv,21.057258064516127,0.0
microtrip_376.csv,22.455825242718443,0.0
microtrip_377.csv,22.56861111111111,0.0
microtrip_378.csv,23.470362694300523,0.0
microtrip_379.csv,25.29310160427808,0.0
microtrip_38.csv,16.6257,0.0
microtrip_380.csv,26.821346153846154,0.0
microtrip_381.csv,26.794999999999998,0.5154639175257731
microtrip_382.csv,27.5477245508982,2.3952095808383236
microtrip_383.csv,30.923283582089553,0.0
microtrip_384.csv,30.049516129032252,0.0
microtrip_385.csv,30.75378378378378,0.0
microtrip_386.csv,29.127286821705425,0.0
microtrip_387.csv,30.213068181818183,0.0
microtrip_388.csv,30.807865168539323,1.1235955056179776
microtrip_389.csv,33.18942307692308,0.0
microtrip_39.csv,20.220675675675675,0.0
microtrip_390.csv,34.26717105263158,0.0
microtrip_391.csv,34.138391959799,0.0
microtrip_392.csv,35.274084507042254,0.0
microtrip_393.csv,34.9237125748503,0.0
microtrip_394.csv,35.28771573604061,0.0
microtrip_395.csv,35.17818181818182,0.0
microtrip_396.csv,35.64109289617487,0.0
microtrip_397.csv,35.67074468085107,0.0
microtrip_398.csv,32.98173184357542,1.1173184357541899
microtrip_399.csv,0.2444736842105263,97.89473684210527
microtrip_4.csv,0.0,100.0
microtrip_40.csv,20.083932584269665,0.0
microtrip_400.csv,0.0,100.0
microtrip_401.csv,0.0,100.0
microtrip_402.csv,0.0,100.0
microtrip_403.csv,0.0,100.0
microtrip_404.csv,18.904235294117647,38.82352941176471
microtrip_405.csv,33.058727272727275,0.0
microtrip_406.csv,33.69450292397661,0.0
microtrip_407.csv,33.62493506493506,0.0
microtrip_408.csv,33.63310344827586,0.0
microtrip_409.csv,33.781604938271606,0.0
microtrip_41.csv,16.10985074626866,0.0
microtrip_410.csv,33.72621848739496,0.0
microtrip_411.csv,33.62051851851852,0.0
microtrip_412.csv,33.73324175824175,0.0
microtrip_413.csv,33.73311557788944,0.0
microtrip_414.csv,33.92020618556701,0.0
microtrip_415.csv,34.84432584269663,0.0
microtrip_416.csv,35.747464788732394,0.0
microtrip_417.csv,36.46944134078212,0.0
microtrip_418.csv,37.47138686131387,0.0
microtrip_419.csv,37.975853658536586,0.0
microtrip_42.csv,12.180689655172413,22.413793103448278
microtrip_420.csv,38.30345864661655,0.0
microtrip_421.csv,38.55982905982906,0.0
microtrip_422.csv,38.2535294117647,0.0
microtrip_423.csv,37.37580110497237,0.0
microtrip_424.csv,36.56025316455696,0.0
microtrip_425.csv,35.712236842105256,0.0
microtrip_426.csv,35.125689655172415,0.0
microtrip_427.csv,34.839999999999996,0.0
microtrip_428.csv,34.572941176470586,0.0
microtrip_429.csv,34.33611650485437,0.0
microtrip_43.csv,15.413422818791945,51.67785234899329
microtrip_430.csv,34.146144578313255,0.0
microtrip_431.csv,34.1120202020202,0.0
microtrip_432.csv,34.065,0.0
microtrip_433.csv,33.95423469387755,0.0
microtrip_434.csv,33.925000000000004,0.0
microtrip_435.csv,34.00039548022599,0.0
microtrip_436.csv,34.08045685279188,0.0
microtrip_437.csv,34.3002380952381,0.0
microtrip_438.csv,34.320519480519486,0.0
microtrip_439.csv,34.842911392405064,0.0
microtrip_44.csv,27.80427027027027,1.6216216216216217
microtrip_440.csv,35.154259259259256,0.0
microtrip_441.csv,35.718141592920354,0.0
microtrip_442.csv,35.97235294117647,0.0
microtrip_443.csv,36.317244897959185,0.0
microtrip_444.csv,36.69437037037037,0.0
microtrip_445.csv,37.07,0.0
microtrip_446.csv,37.55827380952381,0.0
microtrip_447.csv,38.22125,0.0
microtrip_448.csv,38.514561403508765,0.0
microtrip_449.csv,39.08305555555555,0.0
microtrip_45.csv,11.603560209424085,51.832460732984295
microtrip_450.csv,39.269411764705886,0.0
microtrip_451.csv,39.89959459459459,0.0
microtrip_452.csv,40.2671186440678,0.0
microtrip_453.csv,40.10380597014927,0.0
microtrip_454.csv,38.46046875,0.0
microtrip_455.csv,35.99825,0.0
microtrip_456.csv,32.90957746478873,0.0
microtrip_457.csv,31.695625,0.0
microtrip_458.csv,26.777747252747254,0.0
microtrip_459.csv,18.54898734177215,0.0
microtrip_46.csv,10.482413793103449,68.96551724137932
microtrip_460.csv,15.364191616766465,0.0
microtrip_461.csv,20.62676646706587,0.0
microtrip_462.csv,27.408095238095235,0.0
microtrip_463.csv,31.932722222222218,0.0
microtrip_464.csv,34.23194690265487,0.0
microtrip_465.csv,35.456363636363626,0.0
microtrip_466.csv,35.78518072289156,0.0
microtrip_467.csv,37.261972789115646,0.0
microtrip_468.csv,38.202894736842104,0.0
microtrip_469.csv,38.82557692307692,0.0
microtrip_47.csv,24.194104477611937,15.671641791044777
microtrip_470.csv,39.70868020304568,0.0
microtrip_471.csv,40.213602941176475,0.0
microtrip_472.csv,40.76096153846153,0.0
microtrip_473.csv,40.99835820895522,0.0
microtrip_474.csv,41.53895027624309,0.0
microtrip_475.csv,42.12704761904762,0.0
microtrip_476.csv,42.63,0.0
microtrip_477.csv,43.050609756097565,0.0
microtrip_478.csv,43.444736842105264,0.0
microtrip_479.csv,44.01979487179487,0.0
microtrip_48.csv,6.575223880597014,76.11940298507463
microtrip_480.csv,44.76133333333334,0.0
microtrip_481.csv,45.177187499999995,0.0
microtrip_482.csv,45.307333333333325,0.0
microtrip_483.csv,45.573170731707314,0.0
microtrip_484.csv,45.65245398773006,0.0
microtrip_485.csv,45.6484,0.0
microtrip_486.csv,45.39601503759398,0.0
microtrip_487.csv,45.084029850746276,0.0
microtrip_488.csv,44.60831395348837,0.0
microtrip_489.csv,44.02165217391305,0.0
microtrip_49.csv,7.7754368932038815,80.58252427184466
microtrip_490.csv,40.438730964467005,0.0
microtrip_491.csv,37.91921052631579,0.0
microtrip_492.csv,37.975887850467295,0.0
microtrip_493.csv,38.86491978609626,0.0
microtrip_494.csv,39.6717543859649,0.0
microtrip_495.csv,39.90105263157895,0.0
microtrip_496.csv,40.321527777777774,0.0
microtrip_497.csv,40.87484536082474,0.0
microtrip_498.csv,41.73561797752809,0.0
microtrip_499.csv,42.096774193548384,0.0
microtrip_5.csv,0.0,100.0
microtrip_50.csv,27.197612903225806,9.67741935483871
microtrip_500.csv,42.5964,0.0
microtrip_501.csv,42.88809523809523,0.0
microtrip_502.csv,43.12333333333333,0.0
microtrip_503.csv,43.117938931297715,0.0
microtrip_504.csv,43.49673575129534,0.0
microtrip_505.csv,44.188983050847455,0.0
microtrip_506.csv,44.2111304347826,0.0
microtrip_507.csv,42.76677966101695,0.0
microtrip_508.csv,42.52243523316062,0.0
microtrip_509.csv,41.69532467532468,0.0
microtrip_51.csv,29.510119047619053,5.357142857142857
microtrip_510.csv,41.61912698412699,0.0
microtrip_511.csv,39.64862068965517,0.0
microtrip_512.csv,11.821506024096385,59.036144578313255
microtrip_513.csv,0.0,100.0
microtrip_514.csv,0.0,100.0
microtrip_515.csv,0.0,100.0
microtrip_516.csv,0.0,100.0
microtrip_517.csv,0.0,100.0
microtrip_518.csv,0.0,100.0
microtrip_519.csv,0.0,100.0
microtrip_52.csv,30.41676767676768,2.525252525252525
microtrip_520.csv,0.0,100.0
microtrip_521.csv,0.0,100.0
microtrip_522.csv,0.0,100.0
microtrip_523.csv,0.0,100.0
microtrip_524.csv,0.0,100.0
microtrip_525.csv,0.0,100.0
microtrip_526.csv,0.0,100.0
microtrip_527.csv,0.0,100.0
microtrip_528.csv,0.0,100.0
microtrip_529.csv,10.790584415584416,71.42857142857143
microtrip_53.csv,33.746272189349106,0.0
microtrip_530.csv,32.87703488372093,0.0
microtrip_531.csv,33.06753424657534,0.0
microtrip_532.csv,33.20365384615384,0.0
microtrip_533.csv,33.11533333333333,0.0
microtrip_534.csv,32.668320610687026,0.0
microtrip_535.csv,32.83967032967033,0.0
microtrip_536.csv,32.66224719101124,0.0
microtrip_537.csv,33.07434782608696,0.0
microtrip_538.csv,29.799072164948456,5.154639175257731
microtrip_539.csv,37.92377358490565,0.0
microtrip_54.csv,34.05082191780822,0.0
microtrip_540.csv,14.861626016260162,49.59349593495935
microtrip_541.csv,5.863205128205128,83.33333333333334
microtrip_542.csv,34.26641975308642,0.0
microtrip_543.csv,34.653671875,0.0
microtrip_544.csv,34.89015503875969,0.0
microtrip_545.csv,34.96693333333333,0.0
microtrip_546.csv,35.380914634146336,0.0
microtrip_547.csv,35.631412429378535,0.0
microtrip_548.csv,35.78164948453608,0.0
microtrip_549.csv,35.864958677685955,0.0
microtrip_55.csv,34.71617647058824,0.0
microtrip_550.csv,35.94513157894737,0.0
microtrip_551.csv,36.086666666666666,0.0
microtrip_552.csv,36.206923076923076,0.0
microtrip_553.csv,36.393278688524596,0.0
microtrip_554.csv,36.412777777777784,0.0
microtrip_555.csv,36.6061797752809,0.0
microtrip_556.csv,36.87924528301887,0.0
microtrip_557.csv,37.33421428571428,0.0
microtrip_558.csv,38.08255813953489,0.0
microtrip_559.csv,38.26793650793651,0.0
microtrip_56.csv,34.675000000000004,0.0
microtrip_560.csv,37.428814814814814,0.0
microtrip_561.csv,36.57219512195122,0.0
microtrip_562.csv,35.7889010989011,0.0
microtrip_563.csv,34.58553299492386,0.0
microtrip_564.csv,33.74635897435897,0.0
microtrip_565.csv,33.54283505154639,0.0
microtrip_566.csv,33.64392523364486,0.0
microtrip_567.csv,33.164137931034475,0.0
microtrip_568.csv,33.19456140350877,0.0
microtrip_569.csv,33.41431578947368,0.0
microtrip_57.csv,34.45050847457627,0.0
microtrip_570.csv,33.4132,0.0
microtrip_571.csv,33.37416,0.0
microtrip_572.csv,33.351011235955056,0.0
microtrip_573.csv,33.53353658536585,0.0
microtrip_574.csv,33.258923076923075,0.0
microtrip_575.csv,33.12897196261682,0.0
microtrip_576.csv,33.38036809815951,0.0
microtrip_577.csv,33.48766666666667,0.0
microtrip_578.csv,33.492090395480226,0.0
microtrip_579.csv,33.25050632911393,0.0
microtrip_58.csv,32.933093525179856,0.0
microtrip_580.csv,33.075438596491225,0.0
microtrip_581.csv,32.78475138121547,0.0
microtrip_582.csv,32.488358974358974,0.0
microtrip_583.csv,32.23381818181819,0.0
microtrip_584.csv,32.23714285714286,0.0
microtrip_585.csv,30.207283236994222,0.0
microtrip_586.csv,30.072524271844664,0.0
microtrip_587.csv,31.09984536082474,0.0
microtrip_588.csv,32.56083969465649,0.0
microtrip_589.csv,33.42972972972973,0.0
microtrip_59.csv,30.476428571428578,0.0
microtrip_590.csv,33.67857142857143,0.0
microtrip_591.csv,33.69959183673469,0.0
microtrip_592.csv,34.27178571428572,0.0
microtrip_593.csv,34.574710743801646,0.0
microtrip_594.csv,34.52452054794521,0.0
microtrip_595.csv,34.55777777777779,0.0
microtrip_596.csv,34.63264705882352,0.0
microtrip_597.csv,34.85933333333333,0.0
microtrip_598.csv,35.870432098765434,0.0
microtrip_599.csv,37.118284023668636,0.0
microtrip_6.csv,0.0,100.0
microtrip_60.csv,24.180720720720718,0.0
microtrip_600.csv,38.04149425287356,0.0
microtrip_601.csv,38.305882352941175,0.0
microtrip_602.csv,38.53876543209877,0.0
microtrip_603.csv,38.59907975460123,0.0
microtrip_604.csv,38.72265060240964,0.0
microtrip_605.csv,38.772312138728324,0.0
microtrip_606.csv,34.00877192982456,0.0
microtrip_607.csv,34.66446666666667,0.0
microtrip_608.csv,35.9168456375839,0.0
microtrip_609.csv,37.13673076923077,0.0
microtrip_61.csv,2.4633333333333334,88.88888888888889
microtrip_610.csv,37.80916666666667,0.0
microtrip_611.csv,36.84763440860215,0.0
microtrip_612.csv,36.512499999999996,0.0
microtrip_613.csv,37.0338524590164,0.0
microtrip_614.csv,35.49010582010582,0.0
microtrip_615.csv,32.300379746835446,0.0
microtrip_616.csv,32.263851351351356,0.0
microtrip_617.csv,32.881575342465744,0.0
microtrip_618.csv,31.531257861635215,0.0
microtrip_619.csv,28.638782608695653,0.0
microtrip_62.csv,0.0,100.0
microtrip_620.csv,29.513000000000005,0.0
microtrip_621.csv,30.821968503937008,0.0
microtrip_622.csv,31.588375000000003,0.0
microtrip_623.csv,32.873108808290155,0.0
microtrip_624.csv,33.233422459893056,0.0
microtrip_625.csv,33.42861538461538,0.0
microtrip_626.csv,34.028010752688175,0.0
microtrip_627.csv,34.3521472392638,0.0
microtrip_628.csv,34.71798913043478,0.0
microtrip_629.csv,34.22772727272727,0.0
microtrip_63.csv,0.0,100.0
microtrip_630.csv,31.9038202247191,0.0
microtrip_631.csv,25.71422619047619,13.095238095238097
microtrip_64.csv,0.0,100.0
microtrip_65.csv,0.0,100.0
microtrip_66.csv,0.0,100.0
microtrip_67.csv,0.0,100.0
microtrip_68.csv,0.0,100.0
microtrip_69.csv,0.0,100.0
microtrip_7.csv,0.0,100.0
microtrip_70.csv,0.0,100.0
microtrip_71.csv,0.0,100.0
microtrip_72.csv,0.0,100.0
microtrip_73.csv,0.0,100.0
microtrip_74.csv,0.0,100.0
microtrip_75.csv,0.0,100.0
microtrip_76.csv,0.0,100.0
microtrip_77.csv,0.0,100.0
microtrip_78.csv,0.0,100.0
microtrip_79.csv,0.0,100.0
microtrip_8.csv,0.0,100.0
microtrip_80.csv,0.0,100.0
microtrip_81.csv,0.0,100.0
microtrip_82.csv,0.0,100.0
microtrip_83.csv,0.0,100.0
microtrip_84.csv,19.736024096385542,34.93975903614458
microtrip_85.csv,31.790923076923075,0.0
microtrip_86.csv,32.33571428571428,0.0
microtrip_87.csv,32.21979310344827,0.0
microtrip_88.csv,32.57858695652174,0.0
microtrip_89.csv,32.77846153846154,0.0
microtrip_9.csv,0.0,100.0
microtrip_90.csv,33.197243589743586,0.0
microtrip_91.csv,33.546637168141594,0.0
microtrip_92.csv,33.72642857142857,0.0
microtrip_93.csv,33.78475903614458,0.0
microtrip_94.csv,33.74715517241379,0.0
microtrip_95.csv,33.76541666666667,0.0
microtrip_96.csv,33.670615384615395,0.0
microtrip_97.csv,33.660406976744184,0.0
microtrip_98.csv,33.656273291925466,0.0
microtrip_99.csv,33.65691489361702,0.0
